run_ts,zip,radius_mi,place_id,name,is_heb,address,lat,lng,price,fuel_type,price_updated
2026-09-30T07:01:33+00:00,77840,5.0,ChIJHVQPAHGERoYRKhcHcQSApMY,Valero,0,"603 Harvey Rd, College Station, TX 77840, USA",30.619407199999994,-96.3146905,5.850,DIESEL,2026-09-29T10:44:01Z
2026-09-30T07:01:33+00:00,77840,5.0,ChIJ_aGWhnmERoYRJOz674big58,H-E-B Fuel,1,"1900 Texas Ave, College Station, TX 77840, USA",30.6130863,-96.3172191,5.700,DIESEL,2026-09-28T06:47:26Z
2026-09-30T07:01:33+00:00,77840,5.0,ChIJC0-k23mERoYRiaKsIw7gEac,Exxon,0,"1721 Texas Ave, College Station, TX 77840, USA",30.6156623,-96.31904109999999,5.700,DIESEL,2026-09-29T08:15:35Z
2026-09-30T07:01:33+00:00,77840,5.0,ChIJsQuCb32DRoYRGDZebR2FqBI,Shell,0,"450 Southwest Pkwy E, College Station, TX 77840, USA",30.611438999999994,-96.30408399999999,6.300,DIESEL,2026-09-29T10:25:33Z
2026-09-30T07:01:33+00:00,77840,5.0,ChIJ-zH9JBWERoYROH2vRcF-0P0,Exxon,0,"1601 Harvey Rd, College Station, TX 77840, USA",30.629088999999993,-96.30371009999999,5.500,DIESEL,2026-05-10T05:19:18Z
2026-09-30T07:01:33+00:00,77840,5.0,ChIJqQLafxWERoYRR4LEla3VUWY,Shell,0,"2601 Harvey Rd, College Station, TX 77845, USA",30.631186,-96.30133699999999,5.900,DIESEL,2026-09-29T08:26:21Z
2026-09-30T07:01:33+00:00,77840,5.0,ChIJxdUI_oyDRoYR3iduxnVn7TU,Valero,0,"901 Texas Ave, College Station, TX 77840, USA",30.624588499999998,-96.3305233,5.800,DIESEL,2026-09-22T13:49:45Z
2026-09-30T07:01:33+00:00,77840,5.0,ChIJBSQUu_SERoYRXYCTJd2uRjg,Exxon,0,"2801 Texas Ave S, College Station, TX 77840, USA",30.600763800000003,-96.30046209999999,6.000,DIESEL,2026-09-29T07:56:33Z
2026-09-30T07:01:33+00:00,77840,5.0,ChIJ4aQh8IyERoYRFBUZ9DsbIxQ,Valero,0,"2200 Longmire Dr, College Station, TX 77845, USA",30.597737000000002,-96.30335009999999,5.900,DIESEL,2026-09-20T05:37:18Z
2026-09-30T07:01:33+00:00,77840,5.0,ChIJk_1oKGKFRoYRCYcaHmk7pRI,Exxon,0,"3500 Harvey Rd, College Station, TX 77845, USA",30.646905300000004,-96.2847961,5.800,DIESEL,2026-09-29T10:32:20Z
2026-09-30T07:01:33+00:00,77840,5.0,ChIJRScqvUmFRoYRTns-Faf8T5Y,TXB Bryan 73,0,"3071 University Dr E, College Station, TX 77840, USA",30.645908,-96.30299819999999,5.690,DIESEL,2026-09-29T08:39:12Z
2026-09-30T07:01:33+00:00,77840,5.0,ChIJXZsAUwWERoYRag66AT4KPYo,Exxon,0,"804 Earl Rudder Fwy S, College Station, TX 77840, USA",30.639995000000003,-96.3121946,6.000,DIESEL,2026-09-29T07:50:30Z
2026-09-30T07:01:33+00:00,77840,5.0,ChIJDaEJG3-GRoYReKKcwJhWR3M,Circle T,0,"2000 FM158, College Station, TX 77845, USA",30.6550288,-96.2766091,6.000,DIESEL,2026-09-21T06:06:00Z
2026-09-30T07:01:33+00:00,77840,5.0,ChIJF-nDE7uGRoYRPJZl2h3CC3k,Sunoco,0,"4300 Boonville Rd, Bryan, TX 77802, USA",30.661302299999996,-96.3022273,5.730,DIESEL,2026-09-28T11:32:03Z
2026-09-30T07:01:33+00:00,77840,5.0,ChIJE36PPu2DRoYRJ2l6L45Av5c,Exxon,0,"425 S Texas Ave, College Station, TX 77840, USA",30.6282419,-96.33492530000001,6.000,DIESEL,2026-09-29T09:35:17Z
2026-09-30T07:01:33+00:00,77840,5.0,ChIJk7r5kNyDRoYRyiYoFofh3Dw,Valero,0,"3413 S Texas Ave, Bryan, TX 77802, USA",30.6396564,-96.3483794,5.800,DIESEL,2026-09-28T23:06:03Z
2026-09-30T07:01:33+00:00,77840,5.0,ChIJ9x96wl-BRoYR1rbA171BX6c,Valero,0,"1403 Briarcrest Dr, Bryan, TX 77802, USA",30.6508754,-96.3430111,6.000,DIESEL,2026-09-23T03:56:44Z
2026-09-30T07:01:33+00:00,77840,5.0,ChIJ0yVn_1iBRoYRNfuveAXCwxY,Sunoco,0,"3500 E 29th St, Bryan, TX 77802, USA",30.652354899999995,-96.33595369999999,5.900,DIESEL,2026-09-23T03:55:49Z
2026-09-30T07:01:33+00:00,77840,5.0,ChIJeTbKad-DRoYRzdcN5hCXD04,Tejas Mart,0,"1101 E Villa Maria Rd, Bryan, TX 77802, USA",30.6482754,-96.34779359999999,5.900,DIESEL,2026-09-28T23:06:33Z
2026-09-30T07:01:33+00:00,77840,5.0,ChIJKUqxv9CDRoYRUfMjXPOySlg,Valero Bryan,0,"300 E Villa Maria Rd, Bryan, TX 77801, USA",30.641780999999998,-96.35573389999999,6.000,DIESEL,2026-09-26T10:07:56Z
2026-09-30T07:01:33+00:00,77840,5.0,ChIJD1DuApaDRoYRBlVDAIQoKyU,Sunoco,0,"609 University Dr, College Station, TX 77840, USA",30.6201524,-96.34376669999999,6.260,DIESEL,2026-09-28T07:29:29Z
2026-09-30T07:01:33+00:00,77840,5.0,ChIJ613rfFCBRoYROO9tCyxd6xs,Murphy USA,0,"2208 Briarcrest Dr, Bryan, TX 77802, USA",30.6593353,-96.3313438,5.670,DIESEL,2026-09-29T11:20:39Z
2026-09-30T07:01:33+00:00,77840,5.0,ChIJieUrOEyBRoYRRm3k81V-_ds,Exxon,0,"600 N Earl Rudder Fwy, Bryan, TX 77802, USA",30.6652726,-96.3267381,5.700,DIESEL,2026-09-29T08:15:35Z
2026-09-30T07:01:33+00:00,77840,5.0,ChIJ0zXNp0eBRoYRbJUqYA3Rnz8,Sunoco,0,"3151 Briarcrest Dr, Bryan, TX 77802, USA",30.6667881,-96.3240403,6.000,DIESEL,2026-09-28T09:32:43Z
2026-09-30T07:01:33+00:00,77840,5.0,ChIJQ3SdSrSGRoYRKW5O-ksgV-M,Exxon,0,"3200 Boonville Rd, Bryan, TX 77802, USA",30.670508099999996,-96.3186307,5.000,DIESEL,2026-06-23T12:55:09Z
2026-09-30T07:01:33+00:00,77840,5.0,ChIJf_bo7KmBRoYRbj7PLHt459M,Shell,0,"2305 E Villa Maria Rd, Bryan, TX 77802, USA",30.657363999999998,-96.348555,6.000,DIESEL,2026-09-28T06:28:24Z
2026-09-30T07:01:33+00:00,77840,5.0,ChIJBbOUfWaBRoYRB2DP3VDfOmA,Exxon,0,"2411 E 29th St, Bryan, TX 77802, USA",30.657890700000003,-96.3484806,6.000,DIESEL,2026-09-21T12:20:23Z
2026-09-30T07:01:33+00:00,77840,5.0,ChIJHeVgRoCBRoYRNv4Mh9xVrxA,Sunoco,0,"2000 S College Ave, Bryan, TX 77801, USA",30.6500534,-96.3663579,5.690,DIESEL,2026-09-29T07:19:59Z
2026-09-30T07:01:33+00:00,77840,5.0,ChIJPcdrRoOBRoYRiIEE3Fv6lU8,Shell,0,"1315 Texas Ave, Bryan, TX 77803, USA",30.658762999999997,-96.369411,6.000,DIESEL,2026-09-28T11:37:10Z
2026-09-30T07:01:33+00:00,77840,5.0,ChIJqajMITOCRoYR3qVrjTnW_aI,Exxon,0,"3300 Finfeather Rd, Bryan, TX 77801, USA",30.633780200000004,-96.3660706,6.000,DIESEL,2026-09-29T08:02:23Z
2026-09-30T07:01:33+00:00,77840,5.0,ChIJ_UEGt52DRoYRA0_tacp60KU,Shell,0,"400 George Bush Dr, College Station, TX 77840, USA",30.6061654,-96.33705169999999,6.000,DIESEL,2026-09-28T14:25:30Z
2026-09-30T07:01:33+00:00,77840,5.0,ChIJO2xOyO-ERoYRQQ-wm618LnY,Shell,0,"3300 Texas 6 Frontage Rd, College Station, TX 77845, USA",30.5931447,-96.293362,6.000,DIESEL,2026-09-29T06:27:36Z
2026-09-30T07:01:33+00:00,77840,5.0,ChIJp4i_--CERoYRXzwqmmvkoV0,Valero,0,"2160 Rock Prairie Rd, College Station, TX 77845, USA",30.5853275,-96.28337239999999,5.000,DIESEL,2026-09-29T10:44:01Z
2026-09-30T07:01:33+00:00,77840,5.0,ChIJKduS3N2ERoYRfH4zczghJ18,Kroger Fuel Center,0,"3998 Hwy 6, College Station, TX 77845, USA",30.5844815,-96.28667709999999,5.800,DIESEL,2026-09-29T08:44:27Z
2026-09-30T07:01:33+00:00,77840,5.0,ChIJ4YV9vJuERoYRKZwcSPJW1SA,Exxon,0,"1800 Harvey Mitchell Pkwy S, College Station, TX 77845, USA",30.589665299999997,-96.3157203,6.000,DIESEL,2026-09-28T10:14:31Z
2026-09-30T07:01:33+00:00,77840,5.0,ChIJldzawTSFRoYRDxkmTBwk6Ss,Chevron,0,"4150 Texas 6 Frontage Rd, College Station, TX 77845, USA",30.571448099999998,-96.27391209999999,6.000,DIESEL,2026-09-28T06:10:41Z
2026-09-30T07:01:33+00:00,77840,5.0,ChIJo0GjvrqERoYR189ABwS3tC4,Shell,0,"12677 Farm to Market Rd 2154, College Station, TX 77845, USA",30.5718954,-96.31087099999999,6.000,DIESEL,2026-09-28T03:32:46Z
2026-09-30T07:01:33+00:00,77840,5.0,ChIJFz56m7qERoYRfg6a8cTGN2o,Exxon,0,"12727 Farm to Market Rd 2154, College Station, TX 77845, USA",30.5711554,-96.3101085,6.000,DIESEL,2026-09-29T07:20:13Z
2026-09-30T07:01:33+00:00,77840,5.0,ChIJte_9UvyDRoYRNOqTcXr37QM,H-E-B Fuel,1,"11675 Farm to Market Rd 2154, College Station, TX 77845, USA",30.5825613,-96.32311229999999,5.700,DIESEL,2026-09-29T06:26:25Z
2026-09-30T07:01:33+00:00,77840,5.0,ChIJFwETLMmERoYRKfn4BvCaJZI,Chevron,0,"600 Graham Rd, College Station, TX 77845, USA",30.568462,-96.2962573,5.900,DIESEL,2026-09-29T06:25:26Z
2026-09-30T07:01:33+00:00,77840,5.0,ChIJP5KbRWKERoYRpIRU2Qt2H1g,CITGO(RICKY FOOD MART),0,"101 Southwest Pkwy, College Station, TX 77840, USA",30.5914527,-96.3307562,6.300,DIESEL,2026-09-18T09:25:52Z
2026-09-30T07:01:33+00:00,77840,5.0,ChIJu2fl13SDRoYR47Dgj-D-9d8,Brookshire Brothers Fuel,0,"503 George Bush Dr, College Station, TX 77840, USA",30.600590900000004,-96.34304809999999,5.890,DIESEL,2026-09-29T09:36:03Z
2026-09-30T07:01:33+00:00,77840,5.0,ChIJd0lQpW6DRoYRTum_Aih2y1Y,Exxon,0,"2111 Holleman Dr W, College Station, TX 77840, USA",30.587504300000003,-96.33716199999999,5.720,DIESEL,2026-09-29T08:15:35Z
2026-09-30T07:01:33+00:00,77840,5.0,ChIJA2aKHWyDRoYRmy3UxGHXjtc,Shell,0,"2050 Holleman Dr W, College Station, TX 77840, USA",30.587553,-96.338523,6.200,DIESEL,2026-09-20T11:14:11Z
2026-09-30T07:01:33+00:00,77840,5.0,ChIJKybGmlWDRoYRO0bb_lp4tQA,3160 Market,0,"3160 Holleman Dr S, College Station, TX 77845, USA",30.5734644,-96.3279663,5.900,DIESEL,2026-09-29T11:46:15Z
2026-09-30T07:01:33+00:00,77840,5.0,ChIJo-21jfCDRoYRbuT0RTpp1qE,Barracks Market (Chevron Gas Station),0,"3201 Holleman Dr S Ste 100, College Station, TX 77845, USA",30.5695733,-96.3247438,6.000,DIESEL,2026-09-28T18:08:35Z
2026-09-30T07:01:33+00:00,77840,5.0,ChIJbW0yTXCFRoYRH6GynLDTDis,Aggieland Circle T,0,"4954 Holleman Dr S, College Station, TX 77845, USA",30.5621614,-96.32291269999999,5.800,DIESEL,2026-09-28T14:58:34Z
2026-09-30T07:01:33+00:00,77840,5.0,ChIJM_ad8TiBRoYRIjbQ3O-YFag,Kroger Fuel Center,0,"2303 Boonville Rd, Bryan, TX 77808, USA",30.672587,-96.3357684,5.800,DIESEL,2026-09-29T07:57:25Z
2026-09-30T07:01:33+00:00,77840,5.0,ChIJKQJXcUeBRoYR8dmWK2TrXio,Smart Stop,0,"890 N Earl Rudder Fwy, Bryan, TX 77802, USA",30.671597,-96.336265,5.500,DIESEL,2026-09-04T09:53:58Z
2026-09-30T07:01:33+00:00,77840,5.0,ChIJYZdFvUCBRoYRtERqXQgBOWc,Exxon,0,"891 N Earl Rudder Fwy, Bryan, TX 77802, USA",30.671696799999996,-96.33976559999999,5.720,DIESEL,2026-09-27T12:16:47Z
2026-09-30T07:01:33+00:00,77840,5.0,ChIJmZrlpO-FRoYRTWGQeA5me-g,Shell,0,"11701 SH 30, College Station, TX 77845, USA",30.638759999999998,-96.247976,6.100,DIESEL,2026-09-29T06:43:09Z
2026-09-30T07:01:33+00:00,77840,5.0,ChIJUxPx-cqaRoYRx89LcJcrvlQ,H-E-B Fuel,1,"945 William D. Fitch Pkwy, College Station, TX 77845, USA",30.5602657,-96.260913,5.700,DIESEL,2026-09-29T06:24:41Z
2026-09-30T07:01:33+00:00,77840,5.0,ChIJLclgTjWbRoYRPzKMPkWI-G4,Sunoco,0,"13601 Farm to Market Rd 2154, College Station, TX 77845, USA",30.559167299999995,-96.300466,5.850,DIESEL,2026-09-29T07:01:30Z
2026-09-30T07:01:33+00:00,77840,5.0,ChIJvf0wcjiCRoYROppZ2FOkMzU,Mobil,0,"1910 La Brisa Dr, Bryan, TX 77807, USA",30.625398699999998,-96.3774083,6.160,DIESEL,2026-09-28T06:11:14Z
2026-09-30T07:01:33+00:00,77840,5.0,ChIJObnyATqCRoYR5Wqu9lGTfD0,Citgo,0,"1439 W Villa Maria Rd, Bryan, TX 77801, USA",30.6307059,-96.37609429999999,5.960,DIESEL,2026-09-29T08:01:05Z
2026-09-30T07:01:33+00:00,77840,5.0,ChIJtcVIJTqCRoYROp04W_BAzsI,Exxon,0,"505 N Harvey Mitchell Pkwy, Bryan, TX 77807, USA",30.6313212,-96.3777975,6.000,DIESEL,2026-09-29T09:59:26Z
2026-09-30T07:01:33+00:00,77840,5.0,ChIJicqBjjmCRoYRVlTHOrc3XI8,Shell,0,"457 N Harvey Mitchell Pkwy, Bryan, TX 77807, USA",30.630058400000003,-96.37748959999999,6.000,DIESEL,2026-09-29T07:59:56Z
2026-09-30T11:28:21+00:00,77840,5.0,ChIJHVQPAHGERoYRKhcHcQSApMY,Valero,0,"603 Harvey Rd, College Station, TX 77840, USA",30.619407199999994,-96.3146905,5.850,DIESEL,2026-09-29T22:44:02Z
2026-09-30T11:28:21+00:00,77840,5.0,ChIJ_aGWhnmERoYRJOz674big58,H-E-B Fuel,1,"1900 Texas Ave, College Station, TX 77840, USA",30.6130863,-96.3172191,5.700,DIESEL,2026-09-29T06:27:52Z
2026-09-30T11:28:21+00:00,77840,5.0,ChIJC0-k23mERoYRiaKsIw7gEac,Exxon,0,"1721 Texas Ave, College Station, TX 77840, USA",30.6156623,-96.31904109999999,5.700,DIESEL,2026-09-29T18:16:00Z
2026-09-30T11:28:21+00:00,77840,5.0,ChIJsQuCb32DRoYRGDZebR2FqBI,Shell,0,"450 Southwest Pkwy E, College Station, TX 77840, USA",30.611438999999994,-96.30408399999999,6.300,DIESEL,2026-09-29T10:25:33Z
2026-09-30T11:28:21+00:00,77840,5.0,ChIJ-zH9JBWERoYROH2vRcF-0P0,Exxon,0,"1601 Harvey Rd, College Station, TX 77840, USA",30.629088999999993,-96.30371009999999,5.500,DIESEL,2026-05-10T05:19:18Z
2026-09-30T11:28:21+00:00,77840,5.0,ChIJqQLafxWERoYRR4LEla3VUWY,Shell,0,"2601 Harvey Rd, College Station, TX 77845, USA",30.631186,-96.30133699999999,5.900,DIESEL,2026-09-29T11:20:24Z
2026-09-30T11:28:21+00:00,77840,5.0,ChIJxdUI_oyDRoYR3iduxnVn7TU,Valero,0,"901 Texas Ave, College Station, TX 77840, USA",30.624588499999998,-96.3305233,5.800,DIESEL,2026-09-22T13:49:45Z
2026-09-30T11:28:21+00:00,77840,5.0,ChIJBSQUu_SERoYRXYCTJd2uRjg,Exxon,0,"2801 Texas Ave S, College Station, TX 77840, USA",30.600763800000003,-96.30046209999999,6.000,DIESEL,2026-09-29T07:56:33Z
2026-09-30T11:28:21+00:00,77840,5.0,ChIJ4aQh8IyERoYRFBUZ9DsbIxQ,Valero,0,"2200 Longmire Dr, College Station, TX 77845, USA",30.597737000000002,-96.30335009999999,5.900,DIESEL,2026-09-20T05:37:18Z
2026-09-30T11:28:21+00:00,77840,5.0,ChIJk_1oKGKFRoYRCYcaHmk7pRI,Exxon,0,"3500 Harvey Rd, College Station, TX 77845, USA",30.646905300000004,-96.2847961,5.800,DIESEL,2026-09-29T10:32:20Z
2026-09-30T11:28:21+00:00,77840,5.0,ChIJRScqvUmFRoYRTns-Faf8T5Y,TXB Bryan 73,0,"3071 University Dr E, College Station, TX 77840, USA",30.645908,-96.30299819999999,5.690,DIESEL,2026-09-29T08:39:12Z
2026-09-30T11:28:21+00:00,77840,5.0,ChIJXZsAUwWERoYRag66AT4KPYo,Exxon,0,"804 Earl Rudder Fwy S, College Station, TX 77840, USA",30.639995000000003,-96.3121946,6.000,DIESEL,2026-09-29T20:35:55Z
2026-09-30T11:28:21+00:00,77840,5.0,ChIJDaEJG3-GRoYReKKcwJhWR3M,Circle T,0,"2000 FM158, College Station, TX 77845, USA",30.6550288,-96.2766091,6.000,DIESEL,2026-09-21T06:06:00Z
2026-09-30T11:28:21+00:00,77840,5.0,ChIJF-nDE7uGRoYRPJZl2h3CC3k,Sunoco,0,"4300 Boonville Rd, Bryan, TX 77802, USA",30.661302299999996,-96.3022273,5.730,DIESEL,2026-09-29T06:06:25Z
2026-09-30T11:28:21+00:00,77840,5.0,ChIJE36PPu2DRoYRJ2l6L45Av5c,Exxon,0,"425 S Texas Ave, College Station, TX 77840, USA",30.6282419,-96.33492530000001,6.000,DIESEL,2026-09-29T16:24:25Z
2026-09-30T11:28:21+00:00,77840,5.0,ChIJk7r5kNyDRoYRyiYoFofh3Dw,Valero,0,"3413 S Texas Ave, Bryan, TX 77802, USA",30.6396564,-96.3483794,5.800,DIESEL,2026-09-28T23:06:03Z
2026-09-30T11:28:21+00:00,77840,5.0,ChIJ9x96wl-BRoYR1rbA171BX6c,Valero,0,"1403 Briarcrest Dr, Bryan, TX 77802, USA",30.6508754,-96.3430111,6.000,DIESEL,2026-09-23T03:56:44Z
2026-09-30T11:28:21+00:00,77840,5.0,ChIJ0yVn_1iBRoYRNfuveAXCwxY,Sunoco,0,"3500 E 29th St, Bryan, TX 77802, USA",30.652354899999995,-96.33595369999999,5.900,DIESEL,2026-09-23T03:55:49Z
2026-09-30T11:28:21+00:00,77840,5.0,ChIJeTbKad-DRoYRzdcN5hCXD04,Tejas Mart,0,"1101 E Villa Maria Rd, Bryan, TX 77802, USA",30.6482754,-96.34779359999999,5.700,DIESEL,2026-09-29T12:11:26Z
2026-09-30T11:28:21+00:00,77840,5.0,ChIJKUqxv9CDRoYRUfMjXPOySlg,Valero Bryan,0,"300 E Villa Maria Rd, Bryan, TX 77801, USA",30.641780999999998,-96.35573389999999,6.000,DIESEL,2026-09-29T06:54:25Z
2026-09-30T11:28:21+00:00,77840,5.0,ChIJD1DuApaDRoYRBlVDAIQoKyU,Sunoco,0,"609 University Dr, College Station, TX 77840, USA",30.6201524,-96.34376669999999,6.260,DIESEL,2026-09-28T07:29:29Z
2026-09-30T11:28:21+00:00,77840,5.0,ChIJ613rfFCBRoYROO9tCyxd6xs,Murphy USA,0,"2208 Briarcrest Dr, Bryan, TX 77802, USA",30.6593353,-96.3313438,5.670,DIESEL,2026-09-29T23:00:42Z
2026-09-30T11:28:21+00:00,77840,5.0,ChIJieUrOEyBRoYRRm3k81V-_ds,Exxon,0,"600 N Earl Rudder Fwy, Bryan, TX 77802, USA",30.6652726,-96.3267381,5.720,DIESEL,2026-09-29T19:57:17Z
2026-09-30T11:28:21+00:00,77840,5.0,ChIJ0zXNp0eBRoYRbJUqYA3Rnz8,Sunoco,0,"3151 Briarcrest Dr, Bryan, TX 77802, USA",30.6667881,-96.3240403,6.000,DIESEL,2026-09-28T09:32:43Z
2026-09-30T11:28:21+00:00,77840,5.0,ChIJQ3SdSrSGRoYRKW5O-ksgV-M,Exxon,0,"3200 Boonville Rd, Bryan, TX 77802, USA",30.670508099999996,-96.3186307,5.000,DIESEL,2026-06-23T12:55:09Z
2026-09-30T11:28:21+00:00,77840,5.0,ChIJf_bo7KmBRoYRbj7PLHt459M,Shell,0,"2305 E Villa Maria Rd, Bryan, TX 77802, USA",30.657363999999998,-96.348555,6.000,DIESEL,2026-09-28T06:28:24Z
2026-09-30T11:28:21+00:00,77840,5.0,ChIJBbOUfWaBRoYRB2DP3VDfOmA,Exxon,0,"2411 E 29th St, Bryan, TX 77802, USA",30.657890700000003,-96.3484806,6.000,DIESEL,2026-09-21T12:20:23Z
2026-09-30T11:28:21+00:00,77840,5.0,ChIJHeVgRoCBRoYRNv4Mh9xVrxA,Sunoco,0,"2000 S College Ave, Bryan, TX 77801, USA",30.6500534,-96.3663579,5.690,DIESEL,2026-09-29T11:33:01Z
2026-09-30T11:28:21+00:00,77840,5.0,ChIJPcdrRoOBRoYRiIEE3Fv6lU8,Shell,0,"1315 Texas Ave, Bryan, TX 77803, USA",30.658762999999997,-96.369411,6.000,DIESEL,2026-09-28T11:37:10Z
2026-09-30T11:28:21+00:00,77840,5.0,ChIJqajMITOCRoYR3qVrjTnW_aI,Exxon,0,"3300 Finfeather Rd, Bryan, TX 77801, USA",30.633780200000004,-96.3660706,6.000,DIESEL,2026-09-29T08:02:23Z
2026-09-30T11:28:21+00:00,77840,5.0,ChIJ_UEGt52DRoYRA0_tacp60KU,Shell,0,"400 George Bush Dr, College Station, TX 77840, USA",30.6061654,-96.33705169999999,6.000,DIESEL,2026-09-28T14:25:30Z
2026-09-30T11:28:21+00:00,77840,5.0,ChIJO2xOyO-ERoYRQQ-wm618LnY,Shell,0,"3300 Texas 6 Frontage Rd, College Station, TX 77845, USA",30.5931447,-96.293362,6.000,DIESEL,2026-09-29T06:27:36Z
2026-09-30T11:28:21+00:00,77840,5.0,ChIJp4i_--CERoYRXzwqmmvkoV0,Valero,0,"2160 Rock Prairie Rd, College Station, TX 77845, USA",30.5853275,-96.28337239999999,5.000,DIESEL,2026-09-29T22:44:02Z
2026-09-30T11:28:21+00:00,77840,5.0,ChIJKduS3N2ERoYRfH4zczghJ18,Kroger Fuel Center,0,"3998 Hwy 6, College Station, TX 77845, USA",30.5844815,-96.28667709999999,5.800,DIESEL,2026-09-29T08:44:27Z
2026-09-30T11:28:21+00:00,77840,5.0,ChIJ4YV9vJuERoYRKZwcSPJW1SA,Exxon,0,"1800 Harvey Mitchell Pkwy S, College Station, TX 77845, USA",30.589665299999997,-96.3157203,6.000,DIESEL,2026-09-28T10:14:31Z
2026-09-30T11:28:21+00:00,77840,5.0,ChIJldzawTSFRoYRDxkmTBwk6Ss,Chevron,0,"4150 Texas 6 Frontage Rd, College Station, TX 77845, USA",30.571448099999998,-96.27391209999999,6.000,DIESEL,2026-09-29T10:41:15Z
2026-09-30T11:28:21+00:00,77840,5.0,ChIJo0GjvrqERoYR189ABwS3tC4,Shell,0,"12677 Farm to Market Rd 2154, College Station, TX 77845, USA",30.5718954,-96.31087099999999,6.000,DIESEL,2026-09-28T03:32:46Z
2026-09-30T11:28:21+00:00,77840,5.0,ChIJFz56m7qERoYRfg6a8cTGN2o,Exxon,0,"12727 Farm to Market Rd 2154, College Station, TX 77845, USA",30.5711554,-96.3101085,6.000,DIESEL,2026-09-29T14:09:58Z
2026-09-30T11:28:21+00:00,77840,5.0,ChIJte_9UvyDRoYRNOqTcXr37QM,H-E-B Fuel,1,"11675 Farm to Market Rd 2154, College Station, TX 77845, USA",30.5825613,-96.32311229999999,5.700,DIESEL,2026-09-29T06:26:25Z
2026-09-30T11:28:21+00:00,77840,5.0,ChIJFwETLMmERoYRKfn4BvCaJZI,Chevron,0,"600 Graham Rd, College Station, TX 77845, USA",30.568462,-96.2962573,5.900,DIESEL,2026-09-29T06:25:26Z
2026-09-30T11:28:21+00:00,77840,5.0,ChIJP5KbRWKERoYRpIRU2Qt2H1g,CITGO(RICKY FOOD MART),0,"101 Southwest Pkwy, College Station, TX 77840, USA",30.5914527,-96.3307562,6.300,DIESEL,2026-09-18T09:25:52Z
2026-09-30T11:28:21+00:00,77840,5.0,ChIJu2fl13SDRoYR47Dgj-D-9d8,Brookshire Brothers Fuel,0,"503 George Bush Dr, College Station, TX 77840, USA",30.600590900000004,-96.34304809999999,5.890,DIESEL,2026-09-29T09:36:03Z
2026-09-30T11:28:21+00:00,77840,5.0,ChIJd0lQpW6DRoYRTum_Aih2y1Y,Exxon,0,"2111 Holleman Dr W, College Station, TX 77840, USA",30.587504300000003,-96.33716199999999,5.720,DIESEL,2026-09-29T18:16:00Z
2026-09-30T11:28:21+00:00,77840,5.0,ChIJA2aKHWyDRoYRmy3UxGHXjtc,Shell,0,"2050 Holleman Dr W, College Station, TX 77840, USA",30.587553,-96.338523,6.200,DIESEL,2026-09-20T11:14:11Z
2026-09-30T11:28:21+00:00,77840,5.0,ChIJKybGmlWDRoYRO0bb_lp4tQA,3160 Market,0,"3160 Holleman Dr S, College Station, TX 77845, USA",30.5734644,-96.3279663,5.900,DIESEL,2026-09-29T11:46:15Z
2026-09-30T11:28:21+00:00,77840,5.0,ChIJo-21jfCDRoYRbuT0RTpp1qE,Barracks Market (Chevron Gas Station),0,"3201 Holleman Dr S Ste 100, College Station, TX 77845, USA",30.5695733,-96.3247438,6.000,DIESEL,2026-09-29T10:04:07Z
2026-09-30T11:28:21+00:00,77840,5.0,ChIJbW0yTXCFRoYRH6GynLDTDis,Aggieland Circle T,0,"4954 Holleman Dr S, College Station, TX 77845, USA",30.5621614,-96.32291269999999,5.800,DIESEL,2026-09-28T14:58:34Z
2026-09-30T11:28:21+00:00,77840,5.0,ChIJM_ad8TiBRoYRIjbQ3O-YFag,Kroger Fuel Center,0,"2303 Boonville Rd, Bryan, TX 77808, USA",30.672587,-96.3357684,5.800,DIESEL,2026-09-29T07:57:25Z
2026-09-30T11:28:21+00:00,77840,5.0,ChIJKQJXcUeBRoYR8dmWK2TrXio,Smart Stop,0,"890 N Earl Rudder Fwy, Bryan, TX 77802, USA",30.671597,-96.336265,5.500,DIESEL,2026-09-04T09:53:58Z
2026-09-30T11:28:21+00:00,77840,5.0,ChIJYZdFvUCBRoYRtERqXQgBOWc,Exxon,0,"891 N Earl Rudder Fwy, Bryan, TX 77802, USA",30.671696799999996,-96.33976559999999,5.720,DIESEL,2026-09-27T12:16:47Z
2026-09-30T11:28:21+00:00,77840,5.0,ChIJmZrlpO-FRoYRTWGQeA5me-g,Shell,0,"11701 SH 30, College Station, TX 77845, USA",30.638759999999998,-96.247976,6.100,DIESEL,2026-09-29T06:43:09Z
2026-09-30T11:28:21+00:00,77840,5.0,ChIJUxPx-cqaRoYRx89LcJcrvlQ,H-E-B Fuel,1,"945 William D. Fitch Pkwy, College Station, TX 77845, USA",30.5602657,-96.260913,5.700,DIESEL,2026-09-29T06:24:41Z
2026-09-30T11:28:21+00:00,77840,5.0,ChIJLclgTjWbRoYRPzKMPkWI-G4,Sunoco,0,"13601 Farm to Market Rd 2154, College Station, TX 77845, USA",30.559167299999995,-96.300466,5.850,DIESEL,2026-09-29T14:56:05Z
2026-09-30T11:28:21+00:00,77840,5.0,ChIJvf0wcjiCRoYROppZ2FOkMzU,Mobil,0,"1910 La Brisa Dr, Bryan, TX 77807, USA",30.625398699999998,-96.3774083,6.160,DIESEL,2026-09-28T06:11:14Z
2026-09-30T11:28:21+00:00,77840,5.0,ChIJObnyATqCRoYR5Wqu9lGTfD0,Citgo,0,"1439 W Villa Maria Rd, Bryan, TX 77801, USA",30.6307059,-96.37609429999999,5.960,DIESEL,2026-09-29T13:05:15Z
2026-09-30T11:28:21+00:00,77840,5.0,ChIJtcVIJTqCRoYROp04W_BAzsI,Exxon,0,"505 N Harvey Mitchell Pkwy, Bryan, TX 77807, USA",30.6313212,-96.3777975,6.000,DIESEL,2026-09-29T13:04:51Z
2026-09-30T11:28:21+00:00,77840,5.0,ChIJicqBjjmCRoYRVlTHOrc3XI8,Shell,0,"457 N Harvey Mitchell Pkwy, Bryan, TX 77807, USA",30.630058400000003,-96.37748959999999,6.000,DIESEL,2026-09-29T19:14:38Z
2026-10-01T11:30:21+00:00,77840,5.0,ChIJHVQPAHGERoYRKhcHcQSApMY,Valero,0,"603 Harvey Rd, College Station, TX 77840, USA",30.619407199999994,-96.3146905,5.850,DIESEL,2026-09-30T13:44:01Z
2026-10-01T11:30:21+00:00,77840,5.0,ChIJ_aGWhnmERoYRJOz674big58,H-E-B Fuel,1,"1900 Texas Ave, College Station, TX 77840, USA",30.6130863,-96.3172191,5.700,DIESEL,2026-09-30T06:21:55Z
2026-10-01T11:30:21+00:00,77840,5.0,ChIJC0-k23mERoYRiaKsIw7gEac,Exxon,0,"1721 Texas Ave, College Station, TX 77840, USA",30.6156623,-96.31904109999999,5.700,DIESEL,2026-09-30T08:15:44Z
2026-10-01T11:30:21+00:00,77840,5.0,ChIJsQuCb32DRoYRGDZebR2FqBI,Shell,0,"450 Southwest Pkwy E, College Station, TX 77840, USA",30.611438999999994,-96.30408399999999,6.310,DIESEL,2026-09-29T16:24:59Z
2026-10-01T11:30:21+00:00,77840,5.0,ChIJ-zH9JBWERoYROH2vRcF-0P0,Exxon,0,"1601 Harvey Rd, College Station, TX 77840, USA",30.629088999999993,-96.30371009999999,5.500,DIESEL,2026-05-10T05:19:18Z
2026-10-01T11:30:21+00:00,77840,5.0,ChIJqQLafxWERoYRR4LEla3VUWY,Shell,0,"2601 Harvey Rd, College Station, TX 77845, USA",30.631186,-96.30133699999999,5.900,DIESEL,2026-09-29T11:20:24Z
2026-10-01T11:30:21+00:00,77840,5.0,ChIJxdUI_oyDRoYR3iduxnVn7TU,Valero,0,"901 Texas Ave, College Station, TX 77840, USA",30.624588499999998,-96.3305233,5.800,DIESEL,2026-09-22T13:49:45Z
2026-10-01T11:30:21+00:00,77840,5.0,ChIJBSQUu_SERoYRXYCTJd2uRjg,Exxon,0,"2801 Texas Ave S, College Station, TX 77840, USA",30.600763800000003,-96.30046209999999,6.000,DIESEL,2026-09-29T07:56:33Z
2026-10-01T11:30:21+00:00,77840,5.0,ChIJ4aQh8IyERoYRFBUZ9DsbIxQ,Valero,0,"2200 Longmire Dr, College Station, TX 77845, USA",30.597737000000002,-96.30335009999999,5.900,DIESEL,2026-09-20T05:37:18Z
2026-10-01T11:30:21+00:00,77840,5.0,ChIJk_1oKGKFRoYRCYcaHmk7pRI,Exxon,0,"3500 Harvey Rd, College Station, TX 77845, USA",30.646905300000004,-96.2847961,5.800,DIESEL,2026-09-30T08:39:10Z
2026-10-01T11:30:21+00:00,77840,5.0,ChIJRScqvUmFRoYRTns-Faf8T5Y,TXB Bryan 73,0,"3071 University Dr E, College Station, TX 77840, USA",30.645908,-96.30299819999999,5.690,DIESEL,2026-09-30T13:03:40Z
2026-10-01T11:30:21+00:00,77840,5.0,ChIJXZsAUwWERoYRag66AT4KPYo,Exxon,0,"804 Earl Rudder Fwy S, College Station, TX 77840, USA",30.639995000000003,-96.3121946,6.000,DIESEL,2026-09-29T20:35:55Z
2026-10-01T11:30:21+00:00,77840,5.0,ChIJDaEJG3-GRoYReKKcwJhWR3M,Circle T,0,"2000 FM158, College Station, TX 77845, USA",30.6550288,-96.2766091,6.000,DIESEL,2026-09-21T06:06:00Z
2026-10-01T11:30:21+00:00,77840,5.0,ChIJF-nDE7uGRoYRPJZl2h3CC3k,Sunoco,0,"4300 Boonville Rd, Bryan, TX 77802, USA",30.661302299999996,-96.3022273,5.720,DIESEL,2026-09-30T13:45:19Z
2026-10-01T11:30:21+00:00,77840,5.0,ChIJE36PPu2DRoYRJ2l6L45Av5c,Exxon,0,"425 S Texas Ave, College Station, TX 77840, USA",30.6282419,-96.33492530000001,6.000,DIESEL,2026-09-30T11:28:22Z
2026-10-01T11:30:21+00:00,77840,5.0,ChIJ9x96wl-BRoYR1rbA171BX6c,Valero,0,"1403 Briarcrest Dr, Bryan, TX 77802, USA",30.6508754,-96.3430111,6.000,DIESEL,2026-09-30T09:33:39Z
2026-10-01T11:30:21+00:00,77840,5.0,ChIJ0yVn_1iBRoYRNfuveAXCwxY,Sunoco,0,"3500 E 29th St, Bryan, TX 77802, USA",30.652354899999995,-96.33595369999999,5.900,DIESEL,2026-09-23T03:55:49Z
2026-10-01T11:30:21+00:00,77840,5.0,ChIJeTbKad-DRoYRzdcN5hCXD04,Tejas Mart,0,"1101 E Villa Maria Rd, Bryan, TX 77802, USA",30.6482754,-96.34779359999999,5.700,DIESEL,2026-09-30T09:34:03Z
2026-10-01T11:30:21+00:00,77840,5.0,ChIJKUqxv9CDRoYRUfMjXPOySlg,Valero Bryan,0,"300 E Villa Maria Rd, Bryan, TX 77801, USA",30.641780999999998,-96.35573389999999,6.000,DIESEL,2026-09-30T08:52:18Z
2026-10-01T11:30:21+00:00,77840,5.0,ChIJD1DuApaDRoYRBlVDAIQoKyU,Sunoco,0,"609 University Dr, College Station, TX 77840, USA",30.6201524,-96.34376669999999,6.260,DIESEL,2026-09-28T07:29:29Z
2026-10-01T11:30:21+00:00,77840,5.0,ChIJ613rfFCBRoYROO9tCyxd6xs,Murphy USA,0,"2208 Briarcrest Dr, Bryan, TX 77802, USA",30.6593353,-96.3313438,5.660,DIESEL,2026-09-30T14:23:23Z
2026-10-01T11:30:21+00:00,77840,5.0,ChIJf_bo7KmBRoYRbj7PLHt459M,Shell,0,"2305 E Villa Maria Rd, Bryan, TX 77802, USA",30.657363999999998,-96.348555,6.000,DIESEL,2026-09-30T14:03:53Z
2026-10-01T11:30:21+00:00,77840,5.0,ChIJieUrOEyBRoYRRm3k81V-_ds,Exxon,0,"600 N Earl Rudder Fwy, Bryan, TX 77802, USA",30.6652726,-96.3267381,5.700,DIESEL,2026-09-30T09:13:59Z
2026-10-01T11:30:21+00:00,77840,5.0,ChIJ0zXNp0eBRoYRbJUqYA3Rnz8,Sunoco,0,"3151 Briarcrest Dr, Bryan, TX 77802, USA",30.6667881,-96.3240403,6.000,DIESEL,2026-09-30T06:11:42Z
2026-10-01T11:30:21+00:00,77840,5.0,ChIJQ3SdSrSGRoYRKW5O-ksgV-M,Exxon,0,"3200 Boonville Rd, Bryan, TX 77802, USA",30.670508099999996,-96.3186307,5.000,DIESEL,2026-06-23T12:55:09Z
2026-10-01T11:30:21+00:00,77840,5.0,ChIJBbOUfWaBRoYRB2DP3VDfOmA,Exxon,0,"2411 E 29th St, Bryan, TX 77802, USA",30.657890700000003,-96.3484806,6.000,DIESEL,2026-09-30T14:04:13Z
2026-10-01T11:30:21+00:00,77840,5.0,ChIJHeVgRoCBRoYRNv4Mh9xVrxA,Sunoco,0,"2000 S College Ave, Bryan, TX 77801, USA",30.6500534,-96.3663579,5.690,DIESEL,2026-09-30T11:34:05Z
2026-10-01T11:30:21+00:00,77840,5.0,ChIJPcdrRoOBRoYRiIEE3Fv6lU8,Shell,0,"1315 Texas Ave, Bryan, TX 77803, USA",30.658762999999997,-96.369411,6.000,DIESEL,2026-09-28T11:37:10Z
2026-10-01T11:30:21+00:00,77840,5.0,ChIJqajMITOCRoYR3qVrjTnW_aI,Exxon,0,"3300 Finfeather Rd, Bryan, TX 77801, USA",30.633780200000004,-96.3660706,6.000,DIESEL,2026-09-29T08:02:23Z
2026-10-01T11:30:21+00:00,77840,5.0,ChIJ_UEGt52DRoYRA0_tacp60KU,Shell,0,"400 George Bush Dr, College Station, TX 77840, USA",30.6061654,-96.33705169999999,6.000,DIESEL,2026-09-30T06:19:34Z
2026-10-01T11:30:21+00:00,77840,5.0,ChIJO2xOyO-ERoYRQQ-wm618LnY,Shell,0,"3300 Texas 6 Frontage Rd, College Station, TX 77845, USA",30.5931447,-96.293362,6.000,DIESEL,2026-09-30T06:17:57Z
2026-10-01T11:30:21+00:00,77840,5.0,ChIJp4i_--CERoYRXzwqmmvkoV0,Valero,0,"2160 Rock Prairie Rd, College Station, TX 77845, USA",30.5853275,-96.28337239999999,5.000,DIESEL,2026-09-30T13:44:01Z
2026-10-01T11:30:21+00:00,77840,5.0,ChIJKduS3N2ERoYRfH4zczghJ18,Kroger Fuel Center,0,"3998 Hwy 6, College Station, TX 77845, USA",30.5844815,-96.28667709999999,5.800,DIESEL,2026-09-30T06:17:20Z
2026-10-01T11:30:21+00:00,77840,5.0,ChIJ4YV9vJuERoYRKZwcSPJW1SA,Exxon,0,"1800 Harvey Mitchell Pkwy S, College Station, TX 77845, USA",30.589665299999997,-96.3157203,6.000,DIESEL,2026-09-30T05:37:54Z
2026-10-01T11:30:21+00:00,77840,5.0,ChIJldzawTSFRoYRDxkmTBwk6Ss,Chevron,0,"4150 Texas 6 Frontage Rd, College Station, TX 77845, USA",30.571448099999998,-96.27391209999999,6.000,DIESEL,2026-09-30T09:40:12Z
2026-10-01T11:30:21+00:00,77840,5.0,ChIJo0GjvrqERoYR189ABwS3tC4,Shell,0,"12677 Farm to Market Rd 2154, College Station, TX 77845, USA",30.5718954,-96.31087099999999,6.000,DIESEL,2026-09-28T03:32:46Z
2026-10-01T11:30:21+00:00,77840,5.0,ChIJFz56m7qERoYRfg6a8cTGN2o,Exxon,0,"12727 Farm to Market Rd 2154, College Station, TX 77845, USA",30.5711554,-96.3101085,6.000,DIESEL,2026-09-30T06:15:39Z
2026-10-01T11:30:21+00:00,77840,5.0,ChIJte_9UvyDRoYRNOqTcXr37QM,H-E-B Fuel,1,"11675 Farm to Market Rd 2154, College Station, TX 77845, USA",30.5825613,-96.32311229999999,5.680,DIESEL,2026-09-30T12:32:55Z
2026-10-01T11:30:21+00:00,77840,5.0,ChIJFwETLMmERoYRKfn4BvCaJZI,Chevron,0,"600 Graham Rd, College Station, TX 77845, USA",30.568462,-96.2962573,6.000,DIESEL,2026-09-30T08:28:49Z
2026-10-01T11:30:21+00:00,77840,5.0,ChIJP5KbRWKERoYRpIRU2Qt2H1g,CITGO(RICKY FOOD MART),0,"101 Southwest Pkwy, College Station, TX 77840, USA",30.5914527,-96.3307562,6.300,DIESEL,2026-09-18T09:25:52Z
2026-10-01T11:30:21+00:00,77840,5.0,ChIJu2fl13SDRoYR47Dgj-D-9d8,Brookshire Brothers Fuel,0,"503 George Bush Dr, College Station, TX 77840, USA",30.600590900000004,-96.34304809999999,5.890,DIESEL,2026-09-30T06:21:54Z
2026-10-01T11:30:21+00:00,77840,5.0,ChIJd0lQpW6DRoYRTum_Aih2y1Y,Exxon,0,"2111 Holleman Dr W, College Station, TX 77840, USA",30.587504300000003,-96.33716199999999,5.720,DIESEL,2026-09-30T08:15:44Z
2026-10-01T11:30:21+00:00,77840,5.0,ChIJA2aKHWyDRoYRmy3UxGHXjtc,Shell,0,"2050 Holleman Dr W, College Station, TX 77840, USA",30.587553,-96.338523,6.200,DIESEL,2026-09-20T11:14:11Z
2026-10-01T11:30:21+00:00,77840,5.0,ChIJKybGmlWDRoYRO0bb_lp4tQA,3160 Market,0,"3160 Holleman Dr S, College Station, TX 77845, USA",30.5734644,-96.3279663,5.900,DIESEL,2026-09-29T11:46:15Z
2026-10-01T11:30:21+00:00,77840,5.0,ChIJo-21jfCDRoYRbuT0RTpp1qE,Barracks Market (Chevron Gas Station),0,"3201 Holleman Dr S Ste 100, College Station, TX 77845, USA",30.5695733,-96.3247438,6.000,DIESEL,2026-09-29T10:04:07Z
2026-10-01T11:30:21+00:00,77840,5.0,ChIJbW0yTXCFRoYRH6GynLDTDis,Aggieland Circle T,0,"4954 Holleman Dr S, College Station, TX 77845, USA",30.5621614,-96.32291269999999,5.800,DIESEL,2026-09-30T12:23:53Z
2026-10-01T11:30:21+00:00,77840,5.0,ChIJM_ad8TiBRoYRIjbQ3O-YFag,Kroger Fuel Center,0,"2303 Boonville Rd, Bryan, TX 77808, USA",30.672587,-96.3357684,5.800,DIESEL,2026-09-30T10:10:49Z
2026-10-01T11:30:21+00:00,77840,5.0,ChIJKQJXcUeBRoYR8dmWK2TrXio,Smart Stop,0,"890 N Earl Rudder Fwy, Bryan, TX 77802, USA",30.671597,-96.336265,5.500,DIESEL,2026-09-04T09:53:58Z
2026-10-01T11:30:21+00:00,77840,5.0,ChIJYZdFvUCBRoYRtERqXQgBOWc,Exxon,0,"891 N Earl Rudder Fwy, Bryan, TX 77802, USA",30.671696799999996,-96.33976559999999,5.690,DIESEL,2026-09-30T14:09:32Z
2026-10-01T11:30:21+00:00,77840,5.0,ChIJmZrlpO-FRoYRTWGQeA5me-g,Shell,0,"11701 SH 30, College Station, TX 77845, USA",30.638759999999998,-96.247976,6.100,DIESEL,2026-09-30T13:47:38Z
2026-10-01T11:30:21+00:00,77840,5.0,ChIJUxPx-cqaRoYRx89LcJcrvlQ,H-E-B Fuel,1,"945 William D. Fitch Pkwy, College Station, TX 77845, USA",30.5602657,-96.260913,5.700,DIESEL,2026-09-30T06:14:34Z
2026-10-01T11:30:21+00:00,77840,5.0,ChIJLclgTjWbRoYRPzKMPkWI-G4,Sunoco,0,"13601 Farm to Market Rd 2154, College Station, TX 77845, USA",30.559167299999995,-96.300466,5.750,DIESEL,2026-09-30T13:59:12Z
2026-10-01T11:30:21+00:00,77840,5.0,ChIJvf0wcjiCRoYROppZ2FOkMzU,Mobil,0,"1910 La Brisa Dr, Bryan, TX 77807, USA",30.625398699999998,-96.3774083,6.160,DIESEL,2026-09-28T06:11:14Z
2026-10-01T11:30:21+00:00,77840,5.0,ChIJObnyATqCRoYR5Wqu9lGTfD0,Citgo,0,"1439 W Villa Maria Rd, Bryan, TX 77801, USA",30.6307059,-96.37609429999999,5.960,DIESEL,2026-09-30T08:12:38Z
2026-10-01T11:30:21+00:00,77840,5.0,ChIJtcVIJTqCRoYROp04W_BAzsI,Exxon,0,"505 N Harvey Mitchell Pkwy, Bryan, TX 77807, USA",30.6313212,-96.3777975,6.000,DIESEL,2026-09-30T10:18:49Z
2026-10-01T11:30:21+00:00,77840,5.0,ChIJicqBjjmCRoYRVlTHOrc3XI8,Shell,0,"457 N Harvey Mitchell Pkwy, Bryan, TX 77807, USA",30.630058400000003,-96.37748959999999,6.000,DIESEL,2026-09-30T08:12:27Z
2026-10-02T11:29:24+00:00,77840,5.0,ChIJHVQPAHGERoYRKhcHcQSApMY,Valero,0,"603 Harvey Rd, College Station, TX 77840, USA",30.619407199999994,-96.3146905,5.850,DIESEL,2026-10-01T10:44:01Z
2026-10-02T11:29:24+00:00,77840,5.0,ChIJ_aGWhnmERoYRJOz674big58,H-E-B Fuel,1,"1900 Texas Ave, College Station, TX 77840, USA",30.6130863,-96.3172191,5.700,DIESEL,2026-10-01T05:50:57Z
2026-10-02T11:29:24+00:00,77840,5.0,ChIJC0-k23mERoYRiaKsIw7gEac,Exxon,0,"1721 Texas Ave, College Station, TX 77840, USA",30.6156623,-96.31904109999999,5.700,DIESEL,2026-10-01T08:15:47Z
2026-10-02T11:29:24+00:00,77840,5.0,ChIJsQuCb32DRoYRGDZebR2FqBI,Shell,0,"450 Southwest Pkwy E, College Station, TX 77840, USA",30.611438999999994,-96.30408399999999,6.300,DIESEL,2026-09-30T16:23:58Z
2026-10-02T11:29:24+00:00,77840,5.0,ChIJ-zH9JBWERoYROH2vRcF-0P0,Exxon,0,"1601 Harvey Rd, College Station, TX 77840, USA",30.629088999999993,-96.30371009999999,5.500,DIESEL,2026-05-10T05:19:18Z
2026-10-02T11:29:24+00:00,77840,5.0,ChIJqQLafxWERoYRR4LEla3VUWY,Shell,0,"2601 Harvey Rd, College Station, TX 77845, USA",30.631186,-96.30133699999999,5.900,DIESEL,2026-10-01T09:15:44Z
2026-10-02T11:29:24+00:00,77840,5.0,ChIJxdUI_oyDRoYR3iduxnVn7TU,Valero,0,"901 Texas Ave, College Station, TX 77840, USA",30.624588499999998,-96.3305233,5.800,DIESEL,2026-09-22T13:49:45Z
2026-10-02T11:29:24+00:00,77840,5.0,ChIJBSQUu_SERoYRXYCTJd2uRjg,Exxon,0,"2801 Texas Ave S, College Station, TX 77840, USA",30.600763800000003,-96.30046209999999,6.000,DIESEL,2026-10-01T05:49:31Z
2026-10-02T11:29:24+00:00,77840,5.0,ChIJ4aQh8IyERoYRFBUZ9DsbIxQ,Valero,0,"2200 Longmire Dr, College Station, TX 77845, USA",30.597737000000002,-96.30335009999999,5.900,DIESEL,2026-09-20T05:37:18Z
2026-10-02T11:29:24+00:00,77840,5.0,ChIJk_1oKGKFRoYRCYcaHmk7pRI,Exxon,0,"3500 Harvey Rd, College Station, TX 77845, USA",30.646905300000004,-96.2847961,5.800,DIESEL,2026-10-01T05:51:54Z
2026-10-02T11:29:24+00:00,77840,5.0,ChIJRScqvUmFRoYRTns-Faf8T5Y,TXB Bryan 73,0,"3071 University Dr E, College Station, TX 77840, USA",30.645908,-96.30299819999999,5.690,DIESEL,2026-10-01T10:20:04Z
2026-10-02T11:29:24+00:00,77840,5.0,ChIJXZsAUwWERoYRag66AT4KPYo,Exxon,0,"804 Earl Rudder Fwy S, College Station, TX 77840, USA",30.639995000000003,-96.3121946,6.000,DIESEL,2026-09-30T19:46:52Z
2026-10-02T11:29:24+00:00,77840,5.0,ChIJDaEJG3-GRoYReKKcwJhWR3M,Circle T,0,"2000 FM158, College Station, TX 77845, USA",30.6550288,-96.2766091,6.000,DIESEL,2026-09-21T06:06:00Z
2026-10-02T11:29:24+00:00,77840,5.0,ChIJF-nDE7uGRoYRPJZl2h3CC3k,Sunoco,0,"4300 Boonville Rd, Bryan, TX 77802, USA",30.661302299999996,-96.3022273,5.720,DIESEL,2026-10-01T05:02:53Z
2026-10-02T11:29:24+00:00,77840,5.0,ChIJE36PPu2DRoYRJ2l6L45Av5c,Exxon,0,"425 S Texas Ave, College Station, TX 77840, USA",30.6282419,-96.33492530000001,6.000,DIESEL,2026-10-01T05:52:34Z
2026-10-02T11:29:24+00:00,77840,5.0,ChIJ9x96wl-BRoYR1rbA171BX6c,Valero,0,"1403 Briarcrest Dr, Bryan, TX 77802, USA",30.6508754,-96.3430111,5.900,DIESEL,2026-10-01T04:31:15Z
2026-10-02T11:29:24+00:00,77840,5.0,ChIJ0yVn_1iBRoYRNfuveAXCwxY,Sunoco,0,"3500 E 29th St, Bryan, TX 77802, USA",30.652354899999995,-96.33595369999999,6.000,DIESEL,2026-10-01T04:30:13Z
2026-10-02T11:29:24+00:00,77840,5.0,ChIJeTbKad-DRoYRzdcN5hCXD04,Tejas Mart,0,"1101 E Villa Maria Rd, Bryan, TX 77802, USA",30.6482754,-96.34779359999999,5.700,DIESEL,2026-10-01T04:28:45Z
2026-10-02T11:29:24+00:00,77840,5.0,ChIJKUqxv9CDRoYRUfMjXPOySlg,Valero Bryan,0,"300 E Villa Maria Rd, Bryan, TX 77801, USA",30.641780999999998,-96.35573389999999,6.000,DIESEL,2026-10-01T07:04:22Z
2026-10-02T11:29:24+00:00,77840,5.0,ChIJD1DuApaDRoYRBlVDAIQoKyU,Sunoco,0,"609 University Dr, College Station, TX 77840, USA",30.6201524,-96.34376669999999,6.260,DIESEL,2026-09-30T19:44:37Z
2026-10-02T11:29:24+00:00,77840,5.0,ChIJ613rfFCBRoYROO9tCyxd6xs,Murphy USA,0,"2208 Briarcrest Dr, Bryan, TX 77802, USA",30.6593353,-96.3313438,5.660,DIESEL,2026-10-01T11:00:27Z
2026-10-02T11:29:24+00:00,77840,5.0,ChIJf_bo7KmBRoYRbj7PLHt459M,Shell,0,"2305 E Villa Maria Rd, Bryan, TX 77802, USA",30.657363999999998,-96.348555,6.000,DIESEL,2026-10-01T04:32:33Z
2026-10-02T11:29:24+00:00,77840,5.0,ChIJieUrOEyBRoYRRm3k81V-_ds,Exxon,0,"600 N Earl Rudder Fwy, Bryan, TX 77802, USA",30.6652726,-96.3267381,5.690,DIESEL,2026-10-01T08:15:47Z
2026-10-02T11:29:24+00:00,77840,5.0,ChIJ0zXNp0eBRoYRbJUqYA3Rnz8,Sunoco,0,"3151 Briarcrest Dr, Bryan, TX 77802, USA",30.6667881,-96.3240403,6.000,DIESEL,2026-09-30T06:11:42Z
2026-10-02T11:29:24+00:00,77840,5.0,ChIJQ3SdSrSGRoYRKW5O-ksgV-M,Exxon,0,"3200 Boonville Rd, Bryan, TX 77802, USA",30.670508099999996,-96.3186307,5.000,DIESEL,2026-06-23T12:55:09Z
2026-10-02T11:29:24+00:00,77840,5.0,ChIJBbOUfWaBRoYRB2DP3VDfOmA,Exxon,0,"2411 E 29th St, Bryan, TX 77802, USA",30.657890700000003,-96.3484806,6.000,DIESEL,2026-10-01T04:35:23Z
2026-10-02T11:29:24+00:00,77840,5.0,ChIJHeVgRoCBRoYRNv4Mh9xVrxA,Sunoco,0,"2000 S College Ave, Bryan, TX 77801, USA",30.6500534,-96.3663579,5.690,DIESEL,2026-09-30T11:34:05Z
2026-10-02T11:29:24+00:00,77840,5.0,ChIJPcdrRoOBRoYRiIEE3Fv6lU8,Shell,0,"1315 Texas Ave, Bryan, TX 77803, USA",30.658762999999997,-96.369411,6.000,DIESEL,2026-10-01T04:34:26Z
2026-10-02T11:29:24+00:00,77840,5.0,ChIJqajMITOCRoYR3qVrjTnW_aI,Exxon,0,"3300 Finfeather Rd, Bryan, TX 77801, USA",30.633780200000004,-96.3660706,6.000,DIESEL,2026-10-01T04:31:53Z
2026-10-02T11:29:24+00:00,77840,5.0,ChIJ_UEGt52DRoYRA0_tacp60KU,Shell,0,"400 George Bush Dr, College Station, TX 77840, USA",30.6061654,-96.33705169999999,6.000,DIESEL,2026-10-01T05:23:06Z
2026-10-02T11:29:24+00:00,77840,5.0,ChIJO2xOyO-ERoYRQQ-wm618LnY,Shell,0,"3300 Texas 6 Frontage Rd, College Station, TX 77845, USA",30.5931447,-96.293362,6.000,DIESEL,2026-10-01T10:44:14Z
2026-10-02T11:29:24+00:00,77840,5.0,ChIJp4i_--CERoYRXzwqmmvkoV0,Valero,0,"2160 Rock Prairie Rd, College Station, TX 77845, USA",30.5853275,-96.28337239999999,5.800,DIESEL,2026-10-01T10:47:08Z
2026-10-02T11:29:24+00:00,77840,5.0,ChIJKduS3N2ERoYRfH4zczghJ18,Kroger Fuel Center,0,"3998 Hwy 6, College Station, TX 77845, USA",30.5844815,-96.28667709999999,5.700,DIESEL,2026-10-01T10:43:04Z
2026-10-02T11:29:24+00:00,77840,5.0,ChIJ4YV9vJuERoYRKZwcSPJW1SA,Exxon,0,"1800 Harvey Mitchell Pkwy S, College Station, TX 77845, USA",30.589665299999997,-96.3157203,6.000,DIESEL,2026-09-30T05:37:54Z
2026-10-02T11:29:24+00:00,77840,5.0,ChIJldzawTSFRoYRDxkmTBwk6Ss,Chevron,0,"4150 Texas 6 Frontage Rd, College Station, TX 77845, USA",30.571448099999998,-96.27391209999999,6.000,DIESEL,2026-09-30T09:40:12Z
2026-10-02T11:29:24+00:00,77840,5.0,ChIJo0GjvrqERoYR189ABwS3tC4,Shell,0,"12677 Farm to Market Rd 2154, College Station, TX 77845, USA",30.5718954,-96.31087099999999,6.000,DIESEL,2026-09-30T14:02:02Z
2026-10-02T11:29:24+00:00,77840,5.0,ChIJFz56m7qERoYRfg6a8cTGN2o,Exxon,0,"12727 Farm to Market Rd 2154, College Station, TX 77845, USA",30.5711554,-96.3101085,6.000,DIESEL,2026-10-01T05:47:02Z
2026-10-02T11:29:24+00:00,77840,5.0,ChIJte_9UvyDRoYRNOqTcXr37QM,H-E-B Fuel,1,"11675 Farm to Market Rd 2154, College Station, TX 77845, USA",30.5825613,-96.32311229999999,5.680,DIESEL,2026-10-01T05:48:49Z
2026-10-02T11:29:24+00:00,77840,5.0,ChIJFwETLMmERoYRKfn4BvCaJZI,Chevron,0,"600 Graham Rd, College Station, TX 77845, USA",30.568462,-96.2962573,6.000,DIESEL,2026-09-30T08:28:49Z
2026-10-02T11:29:24+00:00,77840,5.0,ChIJP5KbRWKERoYRpIRU2Qt2H1g,CITGO(RICKY FOOD MART),0,"101 Southwest Pkwy, College Station, TX 77840, USA",30.5914527,-96.3307562,6.300,DIESEL,2026-09-18T09:25:52Z
2026-10-02T11:29:24+00:00,77840,5.0,ChIJu2fl13SDRoYR47Dgj-D-9d8,Brookshire Brothers Fuel,0,"503 George Bush Dr, College Station, TX 77840, USA",30.600590900000004,-96.34304809999999,5.800,DIESEL,2026-10-01T08:37:57Z
2026-10-02T11:29:24+00:00,77840,5.0,ChIJd0lQpW6DRoYRTum_Aih2y1Y,Exxon,0,"2111 Holleman Dr W, College Station, TX 77840, USA",30.587504300000003,-96.33716199999999,5.690,DIESEL,2026-10-01T08:15:47Z
2026-10-02T11:29:24+00:00,77840,5.0,ChIJA2aKHWyDRoYRmy3UxGHXjtc,Shell,0,"2050 Holleman Dr W, College Station, TX 77840, USA",30.587553,-96.338523,6.200,DIESEL,2026-09-20T11:14:11Z
2026-10-02T11:29:24+00:00,77840,5.0,ChIJKybGmlWDRoYRO0bb_lp4tQA,3160 Market,0,"3160 Holleman Dr S, College Station, TX 77845, USA",30.5734644,-96.3279663,5.900,DIESEL,2026-09-29T11:46:15Z
2026-10-02T11:29:24+00:00,77840,5.0,ChIJo-21jfCDRoYRbuT0RTpp1qE,Barracks Market (Chevron Gas Station),0,"3201 Holleman Dr S Ste 100, College Station, TX 77845, USA",30.5695733,-96.3247438,6.000,DIESEL,2026-10-01T09:51:58Z
2026-10-02T11:29:24+00:00,77840,5.0,ChIJbW0yTXCFRoYRH6GynLDTDis,Aggieland Circle T,0,"4954 Holleman Dr S, College Station, TX 77845, USA",30.5621614,-96.32291269999999,5.800,DIESEL,2026-10-01T07:46:59Z
2026-10-02T11:29:24+00:00,77840,5.0,ChIJM_ad8TiBRoYRIjbQ3O-YFag,Kroger Fuel Center,0,"2303 Boonville Rd, Bryan, TX 77808, USA",30.672587,-96.3357684,5.700,DIESEL,2026-10-01T07:58:30Z
2026-10-02T11:29:24+00:00,77840,5.0,ChIJKQJXcUeBRoYR8dmWK2TrXio,Smart Stop,0,"890 N Earl Rudder Fwy, Bryan, TX 77802, USA",30.671597,-96.336265,5.500,DIESEL,2026-09-04T09:53:58Z
2026-10-02T11:29:24+00:00,77840,5.0,ChIJYZdFvUCBRoYRtERqXQgBOWc,Exxon,0,"891 N Earl Rudder Fwy, Bryan, TX 77802, USA",30.671696799999996,-96.33976559999999,5.690,DIESEL,2026-09-30T14:09:32Z
2026-10-02T11:29:24+00:00,77840,5.0,ChIJmZrlpO-FRoYRTWGQeA5me-g,Shell,0,"11701 SH 30, College Station, TX 77845, USA",30.638759999999998,-96.247976,6.100,DIESEL,2026-10-01T10:29:02Z
2026-10-02T11:29:24+00:00,77840,5.0,ChIJUxPx-cqaRoYRx89LcJcrvlQ,H-E-B Fuel,1,"945 William D. Fitch Pkwy, College Station, TX 77845, USA",30.5602657,-96.260913,5.700,DIESEL,2026-10-01T05:45:06Z
2026-10-02T11:29:24+00:00,77840,5.0,ChIJLclgTjWbRoYRPzKMPkWI-G4,Sunoco,0,"13601 Farm to Market Rd 2154, College Station, TX 77845, USA",30.559167299999995,-96.300466,5.850,DIESEL,2026-10-01T05:45:49Z
2026-10-02T11:29:24+00:00,77840,5.0,ChIJvf0wcjiCRoYROppZ2FOkMzU,Mobil,0,"1910 La Brisa Dr, Bryan, TX 77807, USA",30.625398699999998,-96.3774083,6.160,DIESEL,2026-09-28T06:11:14Z
2026-10-02T11:29:24+00:00,77840,5.0,ChIJObnyATqCRoYR5Wqu9lGTfD0,Citgo,0,"1439 W Villa Maria Rd, Bryan, TX 77801, USA",30.6307059,-96.37609429999999,5.960,DIESEL,2026-10-01T08:48:37Z
2026-10-02T11:29:24+00:00,77840,5.0,ChIJtcVIJTqCRoYROp04W_BAzsI,Exxon,0,"505 N Harvey Mitchell Pkwy, Bryan, TX 77807, USA",30.6313212,-96.3777975,6.000,DIESEL,2026-10-01T06:45:24Z
2026-10-02T11:29:24+00:00,77840,5.0,ChIJicqBjjmCRoYRVlTHOrc3XI8,Shell,0,"457 N Harvey Mitchell Pkwy, Bryan, TX 77807, USA",30.630058400000003,-96.37748959999999,6.000,DIESEL,2026-10-01T04:32:16Z
