run_ts,zip,radius_mi,search_calls,capped_leaves,budget_hit,places_found,with_diesel,fresh_diesel,fresh_median,fresh_mean,heb_fresh,heb_fresh_median
2026-09-30T07:01:33+00:00,77840,5.0,24,5,1,117,57,45,5.900,5.882,3,5.700
2026-09-30T11:28:21+00:00,77840,5.0,24,5,1,117,57,46,5.900,5.881,3,5.700
2026-10-01T11:30:21+00:00,77840,5.0,24,5,1,115,56,44,5.930,5.868,3,5.700
2026-10-02T11:29:24+00:00,77840,5.0,24,5,1,116,56,47,5.960,5.892,3,5.700
2026-10-03T14:38:18+00:00,77840,5.0,24,5,1,116,56,46,5.980,5.882,3,5.700
2026-10-04T18:01:16+00:00,77840,5.0,24,5,1,116,56,47,5.960,5.883,3,5.700
2026-10-05T11:32:14+00:00,77840,5.0,24,5,1,115,56,47,6.000,5.891,3,5.700
2026-10-06T11:30:12+00:00,77840,5.0,24,5,1,116,56,46,6.000,5.886,2,5.680
2026-10-07T11:30:55+00:00,77840,5.0,24,5,1,116,56,48,6.000,5.886,2,5.680
2026-10-08T11:32:02+00:00,77840,5.0,24,5,1,116,56,44,5.980,5.896,2,5.680
